strict vegetarian,vegetarian
pure veg,vegetarian
doesnâ€™t eat meat,vegetarian
plant-based diet,vegetarian
no meat or eggs,vegetarian
vegetarian by choice,vegetarian
born vegetarian,vegetarian
lacto vegetarian,vegetarian
vegetarian lifestyle,vegetarian
vegetarian for religious reasons,vegetarian
avoids meat products,vegetarian
follows sattvic diet,vegetarian
prefers vegetarian meals,vegetarian
never eats meat,vegetarian
vegetarian for life,vegetarian
meat-free diet,vegetarian
vegetables only,vegetarian
no meat in my diet,vegetarian
eggetarian,eggetarian
eats eggs but no meat,eggetarian
includes eggs in diet,eggetarian
only eats eggs,eggetarian
egg-lover,eggetarian
eggs are okay,eggetarian
eggs are part of diet,eggetarian
occasionally eats eggs,eggetarian
follows eggetarian routine,eggetarian
non-vegetarian,non-vegetarian
eats meat regularly,non-vegetarian
loves chicken,non-vegetarian
enjoys seafood,non-vegetarian
non-veg preferred,non-vegetarian
meat and fish lover,non-vegetarian
frequent meat eater,non-vegetarian
loves meat dishes,non-vegetarian
eats all kinds of food,non-vegetarian
chicken and mutton fan,non-vegetarian
hardcore non-vegetarian,non-vegetarian
vegan,vegan
no animal products,vegan
avoids dairy,vegan
plant-based only,vegan
follows vegan lifestyle,vegan
strictly vegan,vegan
ethical vegan,vegan
vegan for health,vegan
vegan for environment,vegan
completely plant-based,vegan
healthy lifestyle,healthy lifestyle
fitness-focused,healthy lifestyle
gym-goer,healthy lifestyle
works out regularly,healthy lifestyle
active and fit,healthy lifestyle
into wellness,healthy lifestyle
runs every morning,healthy lifestyle
balanced routine,healthy lifestyle
health-conscious,healthy lifestyle
eats clean,healthy lifestyle
organic eater,healthy lifestyle
follows Ayurveda,healthy lifestyle
wellness first,healthy lifestyle
mindful lifestyle,healthy lifestyle
self-care oriented,healthy lifestyle
